,Open time,Open,High,Low,Close,Volume,Close time,Quote asset volume,Number of trades,Taker buy base asset volume,Taker buy quote asset volume,Can be ignored
0,2018-01-01 00:00:00,13715.65000000,13715.65000000,13155.38000000,13203.06000000,827.05320500,2018-01-01 01:59:59.999,11148431.39117344,9762,409.36232400,5520990.59872621,0
1,2018-01-01 02:00:00,13203.00000000,13611.27000000,13200.00000000,13410.03000000,849.15160200,2018-01-01 03:59:59.999,11367640.47583378,9676,330.15634200,4416545.91510274,0
2,2018-01-01 04:00:00,13434.98000000,13699.00000000,13322.15000000,13558.99000000,745.03637500,2018-01-01 05:59:59.999,10087101.93304109,9649,315.28869300,4263768.08006951,0
3,2018-01-01 06:00:00,13539.00000000,13818.55000000,13510.00000000,13570.35000000,557.17846100,2018-01-01 07:59:59.999,7615433.79154697,8412,273.22752900,3735027.48195626,0
4,2018-01-01 08:00:00,13569.98000000,13735.24000000,13400.00000000,13616.99000000,484.90938200,2018-01-01 09:59:59.999,6575049.29109136,6861,219.27989500,2974657.91544409,0
5,2018-01-01 10:00:00,13632.00000000,13657.92000000,13001.13000000,13220.56000000,834.84654900,2018-01-01 11:59:59.999,11076158.90564417,10339,363.38839800,4817450.98399715,0
6,2018-01-01 12:00:00,13220.56000000,13300.00000000,12815.70000000,13017.00000000,712.39383400,2018-01-01 13:59:59.999,9306558.06150996,9337,363.76541600,4748134.88769384,0
7,2018-01-01 14:00:00,12999.71000000,13330.00000000,12750.00000000,13247.00000000,1119.53931900,2018-01-01 15:59:59.999,14606032.98044572,12020,466.54933100,6084903.22486977,0
8,2018-01-01 16:00:00,13247.00000000,13247.08000000,12966.42000000,13022.00000000,595.96559400,2018-01-01 17:59:59.999,7812334.72569767,6982,304.91143600,3997429.28279323,0
9,2018-01-01 18:00:00,13007.87000000,13290.65000000,12940.00000000,13240.37000000,496.37164000,2018-01-01 19:59:59.999,6536535.88807676,6196,252.54234300,3326890.28462646,0
10,2018-01-01 20:00:00,13222.03000000,13580.67000000,13222.03000000,13481.01000000,738.95000300,2018-01-01 21:59:59.999,9934408.95558684,8637,396.17804700,5325019.40996166,0
11,2018-01-01 22:00:00,13494.99000000,13599.70000000,13355.01000000,13380.00000000,648.51988000,2018-01-01 23:59:59.999,8734061.04232281,7724,267.28919200,3598929.37513953,0
12,2018-01-02 00:00:00,13382.16000000,13850.00000000,13382.16000000,13600.00000000,984.05803900,2018-01-02 01:59:59.999,13465393.53108901,12023,471.88513300,6461634.25491539,0
13,2018-01-02 02:00:00,13611.93000000,13678.33000000,13231.96000000,13353.78000000,1381.47488700,2018-01-02 03:59:59.999,18588235.77586164,16289,629.66583500,8460650.74436829,0
14,2018-01-02 04:00:00,13353.78000000,13480.84000000,12890.02000000,13166.95000000,1592.42163800,2018-01-02 05:59:59.999,20975377.77917262,13735,831.26208900,10959755.37856666,0
15,2018-01-02 06:00:00,13166.95000000,13359.98000000,13041.50000000,13343.00000000,1387.89441500,2018-01-02 07:59:59.999,18370890.78904318,9079,831.60153800,11009180.74837767,0
16,2018-01-02 08:00:00,13343.01000000,13523.46000000,13302.59000000,13452.00000000,1257.18643300,2018-01-02 09:59:59.999,16837288.95054561,8761,775.54394600,10387946.97342362,0
17,2018-01-02 10:00:00,13460.00000000,13617.28000000,13401.05000000,13490.00000000,1338.99624100,2018-01-02 11:59:59.999,18093334.34047286,9752,802.90454300,10850303.11554974,0
18,2018-01-02 12:00:00,13490.00000000,13875.00000000,13450.46000000,13864.98000000,1708.04227300,2018-01-02 13:59:59.999,23287390.63505326,14949,1067.65509100,14553747.73876679,0
19,2018-01-02 14:00:00,13864.95000000,13894.86000000,13510.00000000,13690.03000000,1657.83723500,2018-01-02 15:59:59.999,22679869.73381836,14452,973.33699500,13314929.21418834,0
20,2018-01-02 16:00:00,13690.02000000,13842.88000000,13503.00000000,13780.00000000,1838.35786100,2018-01-02 17:59:59.999,25237853.18553977,14765,1066.66008600,14647489.36813084,0
21,2018-01-02 18:00:00,13789.98000000,15473.49000000,13755.43000000,14732.75000000,3251.91562200,2018-01-02 19:59:59.999,47618044.53203322,34292,1799.05495700,26335472.73253474,0
22,2018-01-02 20:00:00,14710.02000000,15160.31000000,14544.00000000,14692.40000000,2057.37231300,2018-01-02 21:59:59.999,30574715.61097461,17538,1168.42805300,17376329.71811144,0
23,2018-01-02 22:00:00,14700.00000000,15025.00000000,14600.00000000,14675.11000000,1622.53515400,2018-01-02 23:59:59.999,23988712.57011506,12093,928.32847300,13722648.69638330,0
24,2018-01-03 00:00:00,14690.00000000,14926.22000000,14660.00000000,14820.00000000,1449.78613000,2018-01-03 01:59:59.999,21424029.48984755,11307,840.96199000,12427912.57229622,0
25,2018-01-03 02:00:00,14847.97000000,15299.99000000,14744.99000000,14818.49000000,1854.04746000,2018-01-03 03:59:59.999,27749944.33563541,15798,1050.88278200,15728635.38949765,0
26,2018-01-03 04:00:00,14805.81000000,15117.56000000,14795.05000000,14988.00000000,1641.40451900,2018-01-03 05:59:59.999,24649138.18145042,12628,1027.20348500,15429118.99660242,0
27,2018-01-03 06:00:00,14980.89000000,15307.56000000,14858.01000000,15170.00000000,1570.29754800,2018-01-03 07:59:59.999,23711128.47977511,15220,902.28011900,13626796.17560502,0
28,2018-01-03 08:00:00,15170.00000000,15172.99000000,14440.00000000,14519.99000000,2137.83953400,2018-01-03 09:59:59.999,31785189.43192796,19378,1191.56541900,17735947.58304689,0
29,2018-01-03 10:00:00,14501.05000000,14855.00000000,14150.00000000,14730.05000000,2064.96340800,2018-01-03 11:59:59.999,29873729.40230938,18473,1145.16339400,16585777.99743913,0
30,2018-01-03 12:00:00,14764.73000000,14890.00000000,14400.04000000,14855.02000000,995.12788700,2018-01-03 13:59:59.999,14596941.24123009,12321,556.76418400,8167638.14402525,0
31,2018-01-03 14:00:00,14859.98000000,15045.51000000,14758.00000000,15033.77000000,1087.60623800,2018-01-03 15:59:59.999,16200848.25362218,14375,546.14495700,8136489.97419658,0
32,2018-01-03 16:00:00,15045.00000000,15130.00000000,14779.83000000,14800.00000000,866.94705200,2018-01-03 17:59:59.999,12999982.21785105,12042,408.11653800,6121206.05144859,0
33,2018-01-03 18:00:00,14800.00000000,14899.86000000,14671.00000000,14700.01000000,792.75030100,2018-01-03 19:59:59.999,11715828.83312600,12040,395.28964100,5843057.80925351,0
34,2018-01-03 20:00:00,14700.01000000,14990.00000000,14683.00000000,14926.96000000,535.31419700,2018-01-03 21:59:59.999,7940173.80312860,8358,272.64873000,4044926.33862531,0
35,2018-01-03 22:00:00,14926.96000000,14949.00000000,14710.00000000,14919.51000000,909.58336500,2018-01-03 23:59:59.999,13469934.66628636,10847,657.93232700,9739826.21331151,0
36,2018-01-04 00:00:00,14919.51000000,15179.00000000,14649.99000000,15172.12000000,2002.47400300,2018-01-04 01:59:59.999,29673018.05960060,16207,1453.22115000,21536457.03732098,0
37,2018-01-04 02:00:00,15175.00000000,15280.00000000,15059.00000000,15119.97000000,1060.06164300,2018-01-04 03:00:14.838,16123171.85894015,9694,585.20758100,8902477.36740641,0
38,2018-01-04 04:00:00,15119.97000000,15119.97000000,14730.00000000,14875.10000000,888.84395100,2018-01-04 05:59:59.999,13217032.22275423,7247,467.65251400,6954218.78760470,0
39,2018-01-04 06:00:00,14890.00000000,15100.00000000,14685.00000000,14748.00000000,1951.05649100,2018-01-04 07:59:59.999,28998738.20110687,15596,1173.43170800,17437129.94596885,0
40,2018-01-04 08:00:00,14734.07000000,14800.00000000,13918.04000000,14299.01000000,2329.05579200,2018-01-04 09:59:59.999,33466754.26361286,20384,1282.62180400,18469722.62381137,0
41,2018-01-04 10:00:00,14299.01000000,14571.78000000,14214.80000000,14539.97000000,2010.49625900,2018-01-04 11:59:59.999,28946075.22881115,12960,1203.75911000,17331368.33237812,0
42,2018-01-04 12:00:00,14539.99000000,14653.40000000,14181.88000000,14518.95000000,1788.22705000,2018-01-04 13:59:59.999,25884036.07927998,16535,984.46934200,14257918.10895958,0
43,2018-01-04 14:00:00,14518.95000000,14600.80000000,14270.01000000,14353.01000000,2172.60413500,2018-01-04 15:59:59.999,31384221.19032833,16443,1269.05661400,18333995.06556452,0
44,2018-01-04 16:00:00,14367.99000000,14648.89000000,14238.01000000,14648.89000000,1995.35889600,2018-01-04 17:59:59.999,28820493.69971801,15127,1140.45609200,16485861.03180731,0
45,2018-01-04 18:00:00,14648.00000000,14988.00000000,14630.00000000,14895.19000000,1641.25723000,2018-01-04 19:59:59.999,24301586.29911147,13543,876.86787000,12980990.30114939,0
46,2018-01-04 20:00:00,14905.00000000,15011.00000000,14722.65000000,14797.88000000,1835.18606000,2018-01-04 21:59:59.999,27338497.50435187,15099,1137.44050900,16952002.53647546,0
47,2018-01-04 22:00:00,14797.89000000,15100.08000000,14601.00000000,15059.54000000,1655.02806400,2018-01-04 23:59:59.999,24627959.19069230,11475,1106.62865700,16474651.87314262,0
48,2018-01-05 00:00:00,15059.56000000,15100.00000000,14802.00000000,15040.00000000,1624.00602100,2018-01-05 01:59:59.999,24300899.02363520,12471,994.47841500,14881624.06367397,0
49,2018-01-05 02:00:00,15038.04000000,15200.00000000,14642.00000000,14965.37000000,2000.96866900,2018-01-05 03:59:59.999,30125017.10690257,15580,1179.85938100,17772668.62400732,0
50,2018-01-05 04:00:00,14970.00000000,15083.63000000,14600.00000000,15000.00000000,1810.67960900,2018-01-05 05:59:59.999,26966864.36701765,14641,1088.06183300,16211969.83936489,0
51,2018-01-05 06:00:00,14999.00000000,15020.00000000,14700.00000000,14920.14000000,1623.81917000,2018-01-05 07:59:59.999,24244101.64314172,11981,950.42188200,14195242.16913754,0
52,2018-01-05 08:00:00,14916.95000000,16111.00000000,14880.00000000,15880.39000000,2346.36326800,2018-01-05 09:59:59.999,36488360.98083488,22669,1336.65970000,20781954.58780805,0
53,2018-01-05 10:00:00,15873.50000000,16350.00000000,15826.37000000,16090.69000000,1888.96149400,2018-01-05 11:59:59.999,30330663.05966487,18927,1050.74454100,16872229.29822641,0
54,2018-01-05 12:00:00,16090.70000000,16199.00000000,15750.00000000,16093.94000000,2001.74254500,2018-01-05 13:59:59.999,31934554.71921891,15511,1142.32419200,18229684.15980835,0
55,2018-01-05 14:00:00,16071.62000000,16267.04000000,15901.01000000,16087.72000000,1779.05849000,2018-01-05 15:59:59.999,28623182.83777568,14641,990.46372500,15937341.43770976,0
56,2018-01-05 16:00:00,16094.99000000,17118.13000000,16087.73000000,16650.00000000,1945.19363900,2018-01-05 17:59:59.999,32112289.32817502,20598,1190.10882500,19647503.18098961,0
57,2018-01-05 18:00:00,16650.00000000,16988.00000000,16310.00000000,16593.01000000,2265.92118900,2018-01-05 19:59:59.999,37642401.24742841,17027,1130.18031000,18771953.54820373,0
58,2018-01-05 20:00:00,16594.14000000,16950.00000000,16353.00000000,16799.95000000,2138.47734900,2018-01-05 21:59:59.999,35598327.77311743,12931,1207.67161600,20124853.67449435,0
59,2018-01-05 22:00:00,16799.94000000,17176.24000000,16645.24000000,16960.39000000,1826.29968200,2018-01-05 23:59:59.999,30955294.39992519,15992,1085.64787300,18402876.09555826,0
60,2018-01-06 00:00:00,16960.39000000,17099.99000000,16677.98000000,17025.03000000,1934.17788800,2018-01-06 01:59:59.999,32711668.81401404,15640,1183.65564300,20023263.40055720,0
61,2018-01-06 02:00:00,17025.03000000,17073.26000000,16288.00000000,16521.59000000,2313.53575200,2018-01-06 03:59:59.999,38589163.49838584,18760,1325.46317700,22131035.41280877,0
62,2018-01-06 04:00:00,16521.57000000,16750.00000000,16300.00000000,16642.84000000,1502.45851900,2018-01-06 05:59:59.999,24761259.10398236,11955,862.29476300,14216526.57038719,0
63,2018-01-06 06:00:00,16637.82000000,16719.38000000,16415.21000000,16518.00000000,661.52191300,2018-01-06 07:59:59.999,10959535.70440810,8356,310.39480300,5142200.22578561,0
64,2018-01-06 08:00:00,16500.18000000,16600.00000000,16340.00000000,16419.96000000,1158.58093000,2018-01-06 09:59:59.999,19080566.96640442,10729,719.90301900,11859993.70263393,0
65,2018-01-06 10:00:00,16419.95000000,16750.01000000,16390.00000000,16529.89000000,1411.42393300,2018-01-06 11:59:59.999,23412148.05820030,11930,821.69866100,13627284.40381709,0
66,2018-01-06 12:00:00,16505.16000000,16557.36000000,16011.21000000,16168.00000000,1818.79180100,2018-01-06 13:59:59.999,29665337.82343508,15908,1031.10244700,16825197.29650438,0
67,2018-01-06 14:00:00,16159.69000000,16639.00000000,16145.00000000,16556.22000000,1818.16201800,2018-01-06 15:59:59.999,29872398.26640376,14744,1044.20494200,17157824.47012241,0
68,2018-01-06 16:00:00,16550.04000000,16982.00000000,16501.75000000,16889.93000000,1588.40927300,2018-01-06 17:59:59.999,26620685.41068516,12698,962.00675100,16131271.88925736,0
69,2018-01-06 18:00:00,16854.03000000,16929.99000000,16582.98000000,16770.01000000,1617.27834800,2018-01-06 19:59:59.999,27126692.80550778,13987,934.24953100,15674778.51955066,0
70,2018-01-06 20:00:00,16770.01000000,16877.18000000,16612.18000000,16790.99000000,1267.74209300,2018-01-06 21:59:59.999,21242186.10750137,10340,808.33741300,13547332.45530905,0
71,2018-01-06 22:00:00,16790.99000000,17143.13000000,16790.00000000,17069.79000000,1479.37504000,2018-01-06 23:59:59.999,25175278.42748221,13195,1003.85290600,17081060.71564354,0
72,2018-01-07 00:00:00,17069.79000000,17099.96000000,16792.01000000,16951.02000000,1509.63994600,2018-01-07 01:59:59.999,25585920.45051493,12025,882.71996900,14962914.87782815,0
73,2018-01-07 02:00:00,16951.02000000,16967.97000000,16605.01000000,16740.68000000,1644.66465700,2018-01-07 03:59:59.999,27566097.21705068,10681,1021.12264800,17120853.76963014,0
74,2018-01-07 04:00:00,16727.93000000,16744.94000000,16400.00000000,16564.00000000,1474.14818400,2018-01-07 05:59:59.999,24473898.48101946,11441,883.58390700,14669090.07528651,0
75,2018-01-07 06:00:00,16564.00000000,16749.98000000,16400.00000000,16746.99000000,1299.41506400,2018-01-07 07:59:59.999,21514502.38874243,10252,767.33203700,12708782.95450476,0
76,2018-01-07 08:00:00,16747.00000000,16886.75000000,16579.33000000,16690.06000000,1084.30025300,2018-01-07 09:59:59.999,18184842.95912989,8489,658.04899000,11040707.23711248,0
77,2018-01-07 10:00:00,16690.06000000,16814.72000000,16560.02000000,16607.00000000,391.40626700,2018-01-07 11:59:59.999,6545260.18272090,6338,212.14823400,3548295.08887226,0
78,2018-01-07 12:00:00,16611.00000000,16649.05000000,16300.00000000,16386.00000000,616.90372600,2018-01-07 13:59:59.999,10165054.14371908,8799,282.05422800,4646532.01146981,0
79,2018-01-07 14:00:00,16386.00000000,16592.00000000,16376.99000000,16439.65000000,596.14773900,2018-01-07 15:59:59.999,9833910.41267778,8168,284.34131600,4692808.80803861,0
80,2018-01-07 16:00:00,16439.64000000,16474.87000000,15715.06000000,15800.01000000,1748.66317000,2018-01-07 17:59:59.999,28120934.27531117,17305,801.75580300,12904305.57100531,0
81,2018-01-07 18:00:00,15800.01000000,16199.96000000,15610.00000000,16100.90000000,1029.79201300,2018-01-07 19:59:59.999,16385782.07428639,12804,504.25099100,8028008.72482219,0
82,2018-01-07 20:00:00,16100.90000000,16299.95000000,15872.07000000,16198.99000000,531.92259400,2018-01-07 21:59:59.999,8569505.30321274,6900,222.88496100,3594350.85884500,0
83,2018-01-07 22:00:00,16198.99000000,16500.00000000,16000.94000000,16150.03000000,566.12194500,2018-01-07 23:59:59.999,9248998.48229808,7067,259.07742400,4234513.15001998,0
84,2018-01-08 00:00:00,16218.85000000,16322.30000000,15655.00000000,15850.07000000,1460.17343800,2018-01-08 01:59:59.999,23305443.45744073,14437,746.87966100,11928650.91149713,0
85,2018-01-08 02:00:00,15850.08000000,16100.00000000,15514.99000000,15670.37000000,1713.97069600,2018-01-08 03:59:59.999,27139760.48172340,13484,912.83625200,14472442.08984428,0
86,2018-01-08 04:00:00,15632.48000000,15899.99000000,15476.00000000,15768.71000000,1460.38680700,2018-01-08 05:59:59.999,22941229.07758436,13531,876.85678300,13782830.95384147,0
87,2018-01-08 06:00:00,15768.71000000,15921.68000000,15639.64000000,15865.00000000,1597.04576000,2018-01-08 07:59:59.999,25228372.18729922,10539,1046.67441000,16537418.57437385,0
88,2018-01-08 08:00:00,15864.99000000,15869.97000000,14619.00000000,14650.00000000,2588.80765800,2018-01-08 09:59:59.999,39365167.04429291,22868,1281.59969400,19524642.08705605,0
89,2018-01-08 10:00:00,14650.00000000,15468.12000000,14551.00000000,15400.00000000,2315.10359800,2018-01-08 11:59:59.999,34901400.59988315,16906,1354.56135600,20447769.40985041,0
90,2018-01-08 12:00:00,15414.00000000,15499.00000000,14444.00000000,14609.88000000,2175.69364300,2018-01-08 13:59:59.999,32557276.23115593,15789,1049.38234300,15777599.89776377,0
91,2018-01-08 14:00:00,14659.88000000,14700.00000000,12812.00000000,14299.98000000,6559.95531800,2018-01-08 15:59:59.999,91688455.31013995,43738,3056.88630700,42903607.08497685,0
92,2018-01-08 16:00:00,14297.90000000,14966.51000000,14238.32000000,14699.95000000,2904.23376900,2018-01-08 17:59:59.999,42642383.89224533,19960,1580.04257500,23199801.62909334,0
93,2018-01-08 18:00:00,14739.80000000,15247.33000000,14580.22000000,15196.55000000,1240.04093500,2018-01-08 19:59:59.999,18564945.97575190,12397,662.30120400,9901718.95465899,0
94,2018-01-08 20:00:00,15196.56000000,15270.99000000,14527.08000000,14888.97000000,1192.32704300,2018-01-08 21:59:59.999,17757856.77103013,12016,515.52943400,7669798.87409763,0
95,2018-01-08 22:00:00,14889.30000000,15000.00000000,14392.32000000,14902.54000000,1392.87124700,2018-01-08 23:59:59.999,20477706.12891565,12977,673.29437000,9903301.66963447,0
96,2018-01-09 00:00:00,14902.54000000,15320.00000000,14701.00000000,15240.24000000,1319.35246800,2018-01-09 01:59:59.999,19881135.37557896,13661,630.34834400,9489145.66814321,0
97,2018-01-09 02:00:00,15242.34000000,15500.00000000,15053.22000000,15210.00000000,948.37846400,2018-01-09 03:59:59.999,14459939.58729556,10497,483.40007600,7372968.19905130,0
98,2018-01-09 04:00:00,15186.53000000,15397.00000000,14670.00000000,14880.00000000,1074.07802300,2018-01-09 05:59:59.999,16171045.13227276,11733,510.83496200,7694089.09798883,0
99,2018-01-09 06:00:00,14880.00000000,15150.00000000,14601.00000000,15062.28000000,1020.61874100,2018-01-09 07:59:59.999,15180010.60179169,9865,527.46600500,7839692.32102284,0
100,2018-01-09 08:00:00,15062.28000000,15300.00000000,14766.00000000,14811.00000000,720.59435000,2018-01-09 09:59:59.999,10865766.38142335,9237,307.89895400,4639475.47716648,0
101,2018-01-09 10:00:00,14802.01000000,14816.10000000,14170.33000000,14726.00000000,1832.72429300,2018-01-09 11:59:59.999,26614929.57788262,19278,850.50955800,12354852.45327830,0
102,2018-01-09 12:00:00,14726.00000000,14829.98000000,14011.05000000,14041.03000000,1754.44804300,2018-01-09 13:59:59.999,25289959.01693645,17491,849.66979100,12247009.09063322,0
103,2018-01-09 14:00:00,14072.87000000,14800.00000000,14064.13000000,14654.96000000,1752.08965200,2018-01-09 15:59:59.999,25346038.85250567,17430,848.29571900,12258903.98516959,0
104,2018-01-09 16:00:00,14655.01000000,14998.62000000,14585.01000000,14949.98000000,867.46203300,2018-01-09 17:59:59.999,12892881.24729087,10642,464.72262000,6908612.46961577,0
105,2018-01-09 18:00:00,14949.98000000,14990.00000000,14650.00000000,14717.82000000,691.49911500,2018-01-09 19:59:59.999,10240363.90823303,8673,386.61845500,5723215.72920859,0
106,2018-01-09 20:00:00,14717.82000000,14861.56000000,14420.00000000,14462.81000000,818.83718100,2018-01-09 21:59:59.999,12006823.61249228,10331,335.65754000,4921400.57706899,0
107,2018-01-09 22:00:00,14452.00000000,14536.36000000,14125.00000000,14400.00000000,1514.92189000,2018-01-09 23:59:59.999,21681294.16396538,17818,645.81126300,9249207.83167428,0
108,2018-01-10 00:00:00,14401.00000000,14480.00000000,13750.00000000,14121.58000000,1799.63666300,2018-01-10 01:59:59.999,25293007.64227867,17160,861.61363900,12113604.45783464,0
109,2018-01-10 02:00:00,14120.00000000,14300.01000000,13950.00000000,13964.05000000,1023.61851200,2018-01-10 03:59:59.999,14523235.18500613,10705,456.35698300,6478158.77154408,0
110,2018-01-10 04:00:00,13980.00000000,14323.00000000,13866.66000000,14136.72000000,1489.88900400,2018-01-10 05:59:59.999,20981864.23840009,16871,686.70969000,9669224.11598585,0
111,2018-01-10 06:00:00,14136.77000000,14349.99000000,13855.00000000,13979.00000000,1246.62888300,2018-01-10 07:59:59.999,17625821.04681847,12308,584.10394900,8253563.43927061,0
112,2018-01-10 08:00:00,13978.95000000,13979.00000000,13131.31000000,13754.38000000,3262.36508500,2018-01-10 09:59:59.999,44189355.42618454,25295,1538.09796200,20855287.92663564,0
113,2018-01-10 10:00:00,13750.60000000,14128.30000000,13485.09000000,13919.08000000,1658.65670400,2018-01-10 11:59:59.999,22871457.74875112,13233,850.38143800,11727473.62302759,0
114,2018-01-10 12:00:00,13919.09000000,14100.00000000,13639.06000000,13861.94000000,1192.88323900,2018-01-10 13:59:59.999,16542147.87862819,11019,605.06114000,8386667.56588295,0
115,2018-01-10 14:00:00,13813.10000000,14490.00000000,13500.00000000,14399.95000000,2028.16641800,2018-01-10 15:59:59.999,28247184.01634019,16523,1115.48377700,15538495.69160314,0
116,2018-01-10 16:00:00,14399.95000000,14698.12000000,14270.97000000,14567.51000000,1441.36886200,2018-01-10 17:59:59.999,20859108.25076162,13842,662.29308000,9586789.05870331,0
117,2018-01-10 18:00:00,14550.00000000,14735.43000000,14172.95000000,14349.98000000,796.80385700,2018-01-10 19:59:59.999,11538403.99246567,8276,401.53085300,5816577.01310213,0
118,2018-01-10 20:00:00,14349.98000000,14589.99000000,14240.00000000,14515.00000000,610.66421400,2018-01-10 21:59:59.999,8822488.14373051,6589,328.22238000,4742220.16638992,0
119,2018-01-10 22:00:00,14500.00000000,14955.66000000,14251.00000000,14907.09000000,860.32021400,2018-01-10 23:59:59.999,12517293.19366279,9655,439.69978400,6402077.97647363,0
120,2018-01-11 00:00:00,14940.00000000,14968.68000000,14295.00000000,14427.87000000,1111.93952500,2018-01-11 01:59:59.999,16247547.32860283,9771,518.26365000,7569626.34984509,0
121,2018-01-11 02:00:00,14377.94000000,14505.02000000,12613.00000000,12920.00000000,3868.46807200,2018-01-11 03:59:59.999,52008834.56922980,24932,1730.61499600,23313090.11653755,0
122,2018-01-11 04:00:00,12911.92000000,13613.81000000,11400.00000000,12868.84000000,9608.95015600,2018-01-11 05:59:59.999,122440814.08874755,51354,4829.52636900,61819798.19689847,0
123,2018-01-11 06:00:00,12868.84000000,13631.98000000,12780.03000000,13530.42000000,3259.47568600,2018-01-11 07:59:59.999,43433127.32945661,18772,1667.80599200,22247830.39915521,0
124,2018-01-11 08:00:00,13530.42000000,13896.70000000,13300.00000000,13425.24000000,1805.25450800,2018-01-11 09:59:59.999,24664573.94380131,15258,873.76528800,11934865.95359268,0
125,2018-01-11 10:00:00,13425.25000000,13569.64000000,13041.00000000,13385.10000000,1874.97726300,2018-01-11 11:59:59.999,24950004.97527334,15678,923.56288000,12284730.57595992,0
126,2018-01-11 12:00:00,13385.10000000,13942.45000000,13282.13000000,13754.95000000,2040.27615800,2018-01-11 13:59:59.999,27969058.41220884,17751,1051.37536800,14413159.76846207,0
127,2018-01-11 14:00:00,13754.95000000,14400.00000000,13680.83000000,13958.08000000,2401.21730400,2018-01-11 15:59:59.999,33664049.96807665,21846,1145.74035800,16054069.51433257,0
128,2018-01-11 16:00:00,13950.05000000,14190.00000000,13609.19000000,13650.01000000,1440.47525300,2018-01-11 17:59:59.999,20037258.23497698,14072,696.48781400,9693836.13287291,0
129,2018-01-11 18:00:00,13650.01000000,13849.99000000,13205.58000000,13430.16000000,1349.05360700,2018-01-11 19:59:59.999,18362409.68915268,12209,680.97771500,9269966.10625910,0
130,2018-01-11 20:00:00,13400.00000000,13655.92000000,13008.00000000,13379.51000000,1768.26747100,2018-01-11 21:59:59.999,23479507.84982860,18064,767.01656900,10195470.53090600,0
131,2018-01-11 22:00:00,13379.51000000,13459.00000000,12511.00000000,13238.78000000,3026.36874800,2018-01-11 23:59:59.999,39330408.30438271,19709,1536.88298100,19965793.73428835,0
132,2018-01-12 00:00:00,13238.76000000,13500.00000000,12500.00000000,13392.56000000,2437.33064700,2018-01-12 01:59:59.999,31641210.62019632,15291,1212.05475200,15749103.26961996,0
133,2018-01-12 02:00:00,13392.56000000,13855.00000000,13228.01000000,13850.00000000,1734.37283200,2018-01-12 03:59:59.999,23484392.35186528,13464,842.83227100,11411610.63363373,0
134,2018-01-12 04:00:00,13854.95000000,13880.00000000,13354.10000000,13550.00000000,1389.52444500,2018-01-12 05:59:59.999,18923300.78895148,12306,674.82424500,9188408.30168542,0
135,2018-01-12 06:00:00,13550.00000000,13966.63000000,13517.78000000,13722.04000000,1489.94379100,2018-01-12 07:59:59.999,20557337.28806045,13863,622.85093800,8589429.90042457,0
136,2018-01-12 08:00:00,13722.04000000,13770.00000000,13301.99000000,13476.03000000,1108.00613600,2018-01-12 09:59:59.999,15016594.16640819,9110,562.38413300,7623713.50732485,0
137,2018-01-12 10:00:00,13496.99000000,14109.78000000,13476.03000000,13900.02000000,1324.96767900,2018-01-12 11:59:59.999,18423312.63029572,11224,735.64967900,10226453.98420831,0
138,2018-01-12 12:00:00,13900.02000000,14059.48000000,13738.56000000,13811.74000000,1067.27010600,2018-01-12 13:59:59.999,14850334.10413371,10692,507.62438400,7062820.52090873,0
139,2018-01-12 14:00:00,13811.74000000,13872.99000000,13358.99000000,13411.79000000,1574.42353400,2018-01-12 15:59:59.999,21489168.74962106,13518,823.10586300,11249160.11688965,0
140,2018-01-12 16:00:00,13411.79000000,13600.00000000,13222.00000000,13520.01000000,1894.73293500,2018-01-12 17:59:59.999,25407166.48217733,13234,959.37690200,12860510.57171335,0
141,2018-01-12 18:00:00,13520.06000000,13801.01000000,13350.00000000,13717.00000000,941.12014200,2018-01-12 19:59:59.999,12738273.27963323,8132,463.03484400,6273366.11265464,0
142,2018-01-12 20:00:00,13717.00000000,13900.00000000,13625.08000000,13700.81000000,708.86255800,2018-01-12 21:59:59.999,9769602.91092405,6668,384.21199400,5296961.14178384,0
143,2018-01-12 22:00:00,13714.99000000,13780.05000000,13510.00000000,13740.01000000,746.60733200,2018-01-12 23:59:59.999,10215382.89919225,6950,329.36207000,4508482.12063095,0
144,2018-01-13 00:00:00,13749.95000000,14250.00000000,13706.15000000,14170.38000000,1691.62347200,2018-01-13 01:59:59.999,23739099.78771393,12572,825.34755200,11580264.70628966,0
145,2018-01-13 02:00:00,14184.97000000,14189.01000000,13820.00000000,14066.00000000,1241.62726500,2018-01-13 03:59:59.999,17407896.31427075,11174,512.99455700,7178845.38843787,0
146,2018-01-13 04:00:00,14065.99000000,14194.75000000,13948.42000000,14130.00000000,1046.93929200,2018-01-13 05:59:59.999,14734742.09418478,9824,437.18316900,6152356.20748158,0
147,2018-01-13 06:00:00,14148.81000000,14320.00000000,13948.41000000,14255.09000000,974.03069300,2018-01-13 07:59:59.999,13776016.75168865,9572,422.53840400,5974018.12897527,0
148,2018-01-13 08:00:00,14250.00000000,14254.00000000,13974.94000000,14171.05000000,848.09641600,2018-01-13 09:59:59.999,11968409.06699994,9629,422.52237900,5964467.09290819,0
149,2018-01-13 10:00:00,14150.00000000,14249.50000000,13981.07000000,14178.00000000,832.58311600,2018-01-13 11:59:59.999,11777603.60569294,9026,383.81798300,5432109.78912113,0
150,2018-01-13 12:00:00,14166.00000000,14560.00000000,14143.22000000,14527.86000000,1125.99565400,2018-01-13 13:59:59.999,16176428.67152362,11447,528.69771800,7598921.17389587,0
151,2018-01-13 14:00:00,14520.00000000,14580.00000000,14083.55000000,14241.26000000,1441.92795800,2018-01-13 15:59:59.999,20629153.39055303,14800,678.67104600,9715567.56032319,0
152,2018-01-13 16:00:00,14257.84000000,14357.00000000,14141.01000000,14318.00000000,1014.72963800,2018-01-13 17:59:59.999,14452564.81286370,10297,538.51931500,7670601.24260128,0
153,2018-01-13 18:00:00,14318.00000000,14350.00000000,13923.18000000,14089.34000000,933.72689600,2018-01-13 19:59:59.999,13243209.85148415,11458,389.73909800,5528276.35485156,0
154,2018-01-13 20:00:00,14086.64000000,14255.00000000,14022.00000000,14170.20000000,564.83490600,2018-01-13 21:59:59.999,7989455.91313929,6957,225.10145500,3185384.65811373,0
155,2018-01-13 22:00:00,14162.00000000,14348.19000000,14142.01000000,14210.00000000,505.39322200,2018-01-13 23:59:59.999,7191908.28776926,6883,209.04573200,2977286.64338636,0
156,2018-01-14 00:00:00,14210.00000000,14339.50000000,14109.77000000,14300.20000000,544.21208700,2018-01-14 01:59:59.999,7749744.63157776,6610,262.68046800,3744261.26272767,0
157,2018-01-14 02:00:00,14300.20000000,14330.00000000,14088.55000000,14162.00000000,539.41108900,2018-01-14 03:59:59.999,7652358.66452660,6113,251.16678100,3562252.05155775,0
158,2018-01-14 04:00:00,14165.00000000,14200.00000000,13359.07000000,13763.89000000,1967.69604800,2018-01-14 05:59:59.999,26994275.67390097,18202,937.00418100,12865701.52280764,0
159,2018-01-14 06:00:00,13762.88000000,13887.49000000,13515.71000000,13590.00000000,715.02190000,2018-01-14 07:59:59.999,9821231.81049280,8375,378.04251300,5193258.19034135,0
160,2018-01-14 08:00:00,13590.00000000,13720.00000000,13250.00000000,13411.06000000,1448.48706500,2018-01-14 09:59:59.999,19494942.02639880,12194,696.73578600,9380087.52514210,0
161,2018-01-14 10:00:00,13411.36000000,13588.00000000,13120.00000000,13280.15000000,1515.59608400,2018-01-14 11:59:59.999,20229898.95753958,12879,761.56737300,10164933.66248624,0
162,2018-01-14 12:00:00,13280.16000000,13426.45000000,12580.00000000,13398.01000000,3677.07812700,2018-01-14 13:59:59.999,47758020.30398362,25350,1834.69343800,23858024.35549211,0
163,2018-01-14 14:00:00,13399.08000000,13410.00000000,12569.20000000,12869.89000000,2576.48703700,2018-01-14 15:59:59.999,33499729.63976079,20752,1152.82355100,14984072.43077884,0
164,2018-01-14 16:00:00,12869.82000000,13300.00000000,12690.01000000,13270.75000000,1422.12050700,2018-01-14 17:59:59.999,18498831.83379131,13840,712.75970500,9278091.63124010,0
165,2018-01-14 18:00:00,13280.22000000,13450.00000000,13081.00000000,13109.00000000,899.29970900,2018-01-14 19:59:59.999,11949433.92357795,8982,487.38256700,6478777.38320565,0
166,2018-01-14 20:00:00,13130.52000000,13395.00000000,13100.00000000,13265.00000000,836.85570200,2018-01-14 21:59:59.999,11090704.76767385,9672,391.22083100,5186932.97588926,0
167,2018-01-14 22:00:00,13250.24000000,13600.80000000,13240.81000000,13474.99000000,875.62897400,2018-01-14 23:59:59.999,11786132.89615707,9395,422.30571700,5685163.68092991,0
168,2018-01-15 00:00:00,13477.98000000,13733.52000000,13423.85000000,13460.94000000,1089.78436800,2018-01-15 01:59:59.999,14796894.70800628,10732,488.40462800,6631818.97144615,0
169,2018-01-15 02:00:00,13460.81000000,13519.89000000,13215.56000000,13368.43000000,1035.37776400,2018-01-15 03:59:59.999,13818144.27936785,11365,500.15288800,6674432.75116607,0
170,2018-01-15 04:00:00,13367.00000000,13580.00000000,13338.21000000,13520.01000000,724.81949900,2018-01-15 05:59:59.999,9776089.55114991,7499,315.68482400,4257917.67380728,0
171,2018-01-15 06:00:00,13520.03000000,13736.40000000,13251.00000000,13355.00000000,1227.58073300,2018-01-15 07:59:59.999,16660289.61865076,11950,652.84897300,8863619.84698671,0
172,2018-01-15 08:00:00,13346.34000000,13619.00000000,13290.33000000,13532.01000000,1320.69129900,2018-01-15 09:59:59.999,17744698.87629210,11255,761.98719500,10239634.72261038,0
173,2018-01-15 10:00:00,13532.00000000,13740.27000000,13147.79000000,13644.90000000,1766.66726800,2018-01-15 11:59:59.999,23900544.64336462,16623,981.67181700,13293999.97735795,0
174,2018-01-15 12:00:00,13645.00000000,14200.27000000,13520.17000000,14085.48000000,2164.00735600,2018-01-15 13:59:59.999,30164807.92363234,19574,1139.85505600,15871389.02777567,0
175,2018-01-15 14:00:00,14067.03000000,14249.99000000,13900.00000000,13990.01000000,1534.86996900,2018-01-15 15:59:59.999,21612474.65129951,14095,816.71410100,11506527.00780604,0
176,2018-01-15 16:00:00,13990.01000000,14100.00000000,13770.00000000,13825.05000000,1016.14340400,2018-01-15 17:59:59.999,14182789.97240393,11404,456.18483400,6370173.66144770,0
177,2018-01-15 18:00:00,13801.05000000,13899.00000000,13655.21000000,13760.00000000,852.65654300,2018-01-15 19:59:59.999,11752397.03679728,10366,347.14478200,4784729.81490650,0
178,2018-01-15 20:00:00,13774.97000000,13841.75000000,13556.99000000,13801.20000000,888.87823600,2018-01-15 21:59:59.999,12196974.11391949,11119,476.88486600,6544623.48994724,0
179,2018-01-15 22:00:00,13801.34000000,13815.00000000,13340.64000000,13539.93000000,1030.61826600,2018-01-15 23:59:59.999,14008449.16345893,9380,493.52930800,6709448.69181313,0
180,2018-01-16 00:00:00,13500.00000000,13542.93000000,12501.00000000,12973.76000000,4352.41539200,2018-01-16 01:59:59.999,56569378.11762286,27193,2159.05519500,28130133.40722976,0
181,2018-01-16 02:00:00,12973.76000000,13211.10000000,12644.70000000,12828.99000000,2765.60123500,2018-01-16 03:59:59.999,35702181.53778322,18685,1332.71501000,17221843.08128175,0
182,2018-01-16 04:00:00,12829.98000000,13169.00000000,12802.05000000,13055.00000000,1375.35643700,2018-01-16 05:59:59.999,17759541.79646088,10744,576.09681900,7445321.72856623,0
183,2018-01-16 06:00:00,13055.00000000,13114.16000000,12222.00000000,12347.32000000,2011.16957100,2018-01-16 07:59:59.999,25666633.28621035,14174,869.84136300,11119641.94612898,0
184,2018-01-16 08:00:00,12340.00000000,12488.00000000,10620.88000000,10900.01000000,11142.33810300,2018-01-16 09:59:59.999,128869191.89176403,59413,5204.44438900,60331083.10364895,0
185,2018-01-16 10:00:00,10900.02000000,12250.00000000,10900.02000000,12127.16000000,6237.92299600,2018-01-16 11:59:59.999,73184439.07007677,45658,3340.80544700,39204358.92959495,0
186,2018-01-16 12:00:00,12140.00000000,12200.00000000,11000.00000000,11288.82000000,4747.36995600,2018-01-16 13:59:59.999,55361529.35128869,35595,2419.46613200,28220492.40464418,0
187,2018-01-16 14:00:00,11286.97000000,12050.00000000,11200.00000000,11964.02000000,3352.49119100,2018-01-16 15:59:59.999,39001753.19716978,24472,1704.73274200,19860071.63191656,0
188,2018-01-16 16:00:00,11963.90000000,11988.47000000,10878.00000000,10910.88000000,3368.45617000,2018-01-16 17:59:59.999,38434283.46092891,27154,1631.31762600,18590141.90333722,0
189,2018-01-16 18:00:00,10898.21000000,11523.30000000,10575.35000000,11064.52000000,4920.01638900,2018-01-16 19:59:59.999,54056553.34609528,34571,2423.26605900,26673927.61838974,0
190,2018-01-16 20:00:00,11082.12000000,11281.13000000,9880.00000000,10049.00000000,6821.70934700,2018-01-16 21:59:59.999,71196934.29327297,41970,2782.23036100,29152316.94946119,0
191,2018-01-16 22:00:00,10040.00000000,11439.00000000,9035.00000000,10900.00000000,12306.32238800,2018-01-16 23:59:59.999,126348408.80072870,78614,5909.43057400,60827737.22954685,0
192,2018-01-17 00:00:00,10899.99000000,11488.88000000,10593.00000000,10670.68000000,6587.36441500,2018-01-17 01:59:59.999,72237539.05126926,44162,3311.25255600,36320644.87981817,0
193,2018-01-17 02:00:00,10670.63000000,10958.31000000,9777.00000000,10415.99000000,6284.47055100,2018-01-17 03:59:59.999,64648395.15644599,42612,3043.09650300,31358340.58256708,0
194,2018-01-17 04:00:00,10415.99000000,10915.92000000,9950.55000000,10539.99000000,4724.86570800,2018-01-17 05:59:59.999,49157223.29547005,32626,2427.22706100,25252184.77713028,0
195,2018-01-17 06:00:00,10534.04000000,11111.00000000,10517.00000000,10765.01000000,3525.28894100,2018-01-17 07:59:59.999,38265361.74505623,28440,1602.88647400,17407847.01894297,0
196,2018-01-17 08:00:00,10777.93000000,10799.78000000,9910.00000000,10250.00000000,4052.77997500,2018-01-17 09:59:59.999,42063860.12317695,27941,1818.02425000,18889751.53698240,0
197,2018-01-17 10:00:00,10255.01000000,10360.00000000,9587.99000000,9808.14000000,5649.56417400,2018-01-17 11:59:59.999,56320428.91287627,40413,2660.79151400,26551826.27602470,0
198,2018-01-17 12:00:00,9850.76000000,10333.01000000,9711.95000000,9720.00000000,3907.66515700,2018-01-17 13:59:59.999,39107683.57298546,29843,2072.58206400,20762189.83479824,0
199,2018-01-17 14:00:00,9722.00000000,9856.24000000,9037.94000000,9227.47000000,10113.07136900,2018-01-17 15:59:59.999,94415115.18324984,62934,4582.63736900,42853505.46029386,0
200,2018-01-17 16:00:00,9227.46000000,10349.95000000,9150.01000000,9849.99000000,8213.18523100,2018-01-17 17:59:59.999,80904063.30480133,56426,4127.58511400,40652149.62077722,0
201,2018-01-17 18:00:00,9840.01000000,10600.83000000,9620.03000000,10390.00000000,3540.58344200,2018-01-17 19:59:59.999,35303966.51846479,30993,1861.11939600,18595373.14506481,0
202,2018-01-17 20:00:00,10366.00000000,11487.00000000,10181.89000000,11419.00000000,7680.54283300,2018-01-17 21:59:59.999,83705466.00963211,59971,3796.10165100,41423897.29442777,0
203,2018-01-17 22:00:00,11419.00000000,11680.99000000,10351.02000000,10988.79000000,8052.41485000,2018-01-17 23:59:59.999,88025077.25777762,60932,4109.49418500,44979581.00355161,0
204,2018-01-18 00:00:00,10972.59000000,11500.00000000,10650.00000000,11380.01000000,4689.95390000,2018-01-18 01:59:59.999,51863204.90150780,34645,2403.00158600,26610342.59983345,0
205,2018-01-18 02:00:00,11377.78000000,11600.00000000,10902.01000000,10955.45000000,4762.05350600,2018-01-18 03:59:59.999,53937491.76235825,40845,2400.97346600,27210180.73477640,0
206,2018-01-18 04:00:00,10950.01000000,11325.06000000,10500.25000000,10800.97000000,4674.01078900,2018-01-18 05:59:59.999,50522244.93194645,38056,2293.27776900,24817847.05915482,0
207,2018-01-18 06:00:00,10789.12000000,11108.93000000,10435.33000000,10472.97000000,3522.56288500,2018-01-18 07:59:59.999,38011298.42965340,27919,1700.94910000,18379689.70987821,0
208,2018-01-18 08:00:00,10461.71000000,11235.00000000,10440.01000000,11050.24000000,3379.67351000,2018-01-18 09:59:59.999,36666485.08001229,27019,1842.78894600,20006113.11311374,0
209,2018-01-18 10:00:00,11052.29000000,11499.00000000,10898.55000000,11413.78000000,3345.98998700,2018-01-18 11:59:59.999,37699001.29523101,30087,1586.11679200,17881417.75420161,0
210,2018-01-18 12:00:00,11413.78000000,11878.82000000,11230.00000000,11380.00000000,5106.04085800,2018-01-18 13:59:59.999,58919603.82562043,44411,2537.44565000,29281984.15133106,0
211,2018-01-18 14:00:00,11371.00000000,11811.00000000,11315.00000000,11700.00000000,3351.23854600,2018-01-18 15:59:59.999,38851448.00251100,28397,1661.27597800,19261400.99754454,0
212,2018-01-18 16:00:00,11696.99000000,11700.06000000,10900.00000000,10910.33000000,4520.21096400,2018-01-18 17:59:59.999,51025935.26877091,34271,2010.75794400,22689599.76174102,0
213,2018-01-18 18:00:00,10910.33000000,11551.84000000,10888.00000000,11541.94000000,3025.68783200,2018-01-18 19:59:59.999,34119635.42627624,23636,1524.22740700,17204962.98659022,0
214,2018-01-18 20:00:00,11535.00000000,11742.95000000,11131.64000000,11324.99000000,2741.76305100,2018-01-18 21:59:59.999,31426114.07725324,22393,1320.35587800,15144400.98684597,0
215,2018-01-18 22:00:00,11324.99000000,11333.19000000,10635.30000000,10961.97000000,5345.24910900,2018-01-18 23:59:59.999,58247151.05726360,41433,2533.21232900,27603865.81021583,0
216,2018-01-19 00:00:00,10960.00000000,11435.00000000,10833.00000000,11186.05000000,2615.60128600,2018-01-19 01:59:59.999,29215755.61639982,20578,1246.39905600,13924501.09740677,0
217,2018-01-19 02:00:00,11200.00000000,11230.00000000,10360.00000000,10830.52000000,5616.13151100,2018-01-19 03:59:59.999,60235905.39360251,41172,2693.91908100,28877679.35548584,0
218,2018-01-19 04:00:00,10830.52000000,11201.00000000,10601.00000000,11120.04000000,3132.60689800,2018-01-19 05:59:59.999,34280532.77754078,24160,1648.86186700,18053561.67478644,0
219,2018-01-19 06:00:00,11105.01000000,11333.00000000,10901.11000000,11069.72000000,2355.77537700,2018-01-19 07:59:59.999,26207253.82575563,17545,1197.69534700,13320478.40010566,0
220,2018-01-19 08:00:00,11060.00000000,11580.00000000,10950.00000000,11292.75000000,3474.88064300,2018-01-19 09:59:59.999,39546273.40425402,26308,1672.17384000,19031235.19290729,0
221,2018-01-19 10:00:00,11301.34000000,11596.00000000,11247.71000000,11530.22000000,2423.53426900,2018-01-19 11:59:59.999,27776653.58968059,19121,1275.55630800,14618724.82637141,0
222,2018-01-19 12:00:00,11535.18000000,11795.00000000,11501.00000000,11570.00000000,3316.16504500,2018-01-19 13:59:59.999,38667245.04814394,25854,1682.67459400,19618203.25310155,0
223,2018-01-19 14:00:00,11570.00000000,11695.00000000,11123.00000000,11400.00000000,3104.32374500,2018-01-19 15:59:59.999,35382982.67333399,26999,1501.28881800,17114048.30869224,0
224,2018-01-19 16:00:00,11383.16000000,11700.00000000,11180.22000000,11235.93000000,2600.08674800,2018-01-19 17:59:59.999,29791396.31409936,23036,1137.59883900,13060382.99463169,0
225,2018-01-19 18:00:00,11246.00000000,11339.96000000,11003.00000000,11160.50000000,2510.50963100,2018-01-19 19:59:59.999,28060962.11079269,21949,1181.94690800,13214440.16903158,0
226,2018-01-19 20:00:00,11141.10000000,11445.70000000,11061.22000000,11230.97000000,1468.08101900,2018-01-19 21:59:59.999,16558557.08486410,14574,809.56423100,9130788.29551277,0
227,2018-01-19 22:00:00,11245.00000000,11487.39000000,11170.00000000,11474.98000000,1511.67924900,2018-01-19 23:59:59.999,17049981.38811177,11975,823.73746600,9295633.32418918,0
228,2018-01-20 00:00:00,11474.98000000,11650.93000000,11412.45000000,11639.94000000,1680.85310900,2018-01-20 01:59:59.999,19414354.69140128,13779,894.86151800,10339986.46386040,0
229,2018-01-20 02:00:00,11639.00000000,11795.00000000,11545.00000000,11749.93000000,1980.56886100,2018-01-20 03:59:59.999,23175559.40370512,14624,1081.22146200,12651709.54544274,0
230,2018-01-20 04:00:00,11749.91000000,12869.00000000,11545.00000000,12751.01000000,6045.47396100,2018-01-20 05:59:59.999,74646604.78650541,44123,3007.60241600,37039412.23299383,0
231,2018-01-20 06:00:00,12769.93000000,12844.00000000,12312.96000000,12660.98000000,3853.98700500,2018-01-20 07:59:59.999,48333590.68884146,30014,1809.90765200,22697099.41620834,0
232,2018-01-20 08:00:00,12660.98000000,12835.00000000,12500.00000000,12554.55000000,2481.45019700,2018-01-20 09:59:59.999,31391540.56910904,21249,1339.82457200,16958573.04872947,0
233,2018-01-20 10:00:00,12554.60000000,12600.00000000,12300.00000000,12320.01000000,1785.07752500,2018-01-20 11:59:59.999,22286797.36851529,16574,841.77836000,10515290.11388541,0
234,2018-01-20 12:00:00,12320.05000000,12670.00000000,12240.24000000,12451.06000000,1851.30841200,2018-01-20 13:59:59.999,23055677.31827352,17716,860.44688300,10721387.11780420,0
235,2018-01-20 14:00:00,12451.06000000,12700.00000000,12444.00000000,12539.05000000,1621.21026400,2018-01-20 15:59:59.999,20395634.04338826,16928,736.80516300,9274107.00615206,0
236,2018-01-20 16:00:00,12539.08000000,12985.00000000,12535.00000000,12850.00000000,2672.57435800,2018-01-20 17:59:59.999,34228936.70607135,25492,1409.59094200,18044189.45876786,0
237,2018-01-20 18:00:00,12850.00000000,13099.00000000,12680.00000000,12770.02000000,2250.28497300,2018-01-20 19:59:59.999,29036537.53620836,22266,1047.56740300,13524583.94300017,0
238,2018-01-20 20:00:00,12779.53000000,12919.00000000,12600.00000000,12875.00000000,1290.49412100,2018-01-20 21:59:59.999,16483366.16152795,15125,644.39850500,8235469.62992805,0
239,2018-01-20 22:00:00,12892.99000000,12929.97000000,12704.00000000,12799.94000000,1255.57504100,2018-01-20 23:59:59.999,16112508.50742341,13757,715.19112900,9181849.92793474,0
240,2018-01-21 00:00:00,12799.80000000,12799.80000000,12201.00000000,12508.95000000,3265.57460400,2018-01-21 01:59:59.999,40623456.15920187,27992,1436.58774300,17868971.59594562,0
241,2018-01-21 02:00:00,12508.96000000,12650.00000000,12330.20000000,12400.00000000,1865.05028100,2018-01-21 03:59:59.999,23317956.13686987,17066,925.65948000,11575480.36303043,0
242,2018-01-21 04:00:00,12409.96000000,12410.00000000,11854.48000000,11938.14000000,4783.11213500,2018-01-21 05:59:59.999,57840397.02807517,39987,2325.53780800,28129058.57390221,0
243,2018-01-21 06:00:00,11962.44000000,12100.00000000,11300.00000000,11701.14000000,5195.37728400,2018-01-21 07:59:59.999,60919416.59671367,42651,2576.61270200,30239725.60817912,0
244,2018-01-21 08:00:00,11721.43000000,11990.00000000,11515.00000000,11633.23000000,3815.04708900,2018-01-21 09:59:59.999,44744496.48031669,31885,2079.67364400,24396118.08923652,0
245,2018-01-21 10:00:00,11638.50000000,12194.18000000,11600.54000000,12194.18000000,2873.36400300,2018-01-21 11:59:59.999,34190308.24803766,24408,1548.11260300,18427997.70809225,0
246,2018-01-21 12:00:00,12194.18000000,12291.35000000,11883.04000000,11995.96000000,2515.91001700,2018-01-21 13:59:59.999,30432601.10063870,23608,1136.11546600,13737857.55349635,0
247,2018-01-21 14:00:00,11995.98000000,12081.99000000,11403.00000000,11412.00000000,3326.12188000,2018-01-21 15:59:59.999,38947961.88820436,31214,1621.35369800,18985980.72411061,0
248,2018-01-21 16:00:00,11420.99000000,11440.00000000,11024.00000000,11311.43000000,5990.36307000,2018-01-21 17:59:59.999,67199136.50258357,51806,2920.31226800,32769263.78494119,0
249,2018-01-21 18:00:00,11311.45000000,11548.99000000,11100.01000000,11356.99000000,2408.20288700,2018-01-21 19:59:59.999,27306455.47445571,22251,1318.24362500,14951193.53865591,0
250,2018-01-21 20:00:00,11356.99000000,11400.00000000,10965.00000000,11238.99000000,3033.97327000,2018-01-21 21:59:59.999,33713843.99510223,26478,1483.39433100,16492013.40295823,0
251,2018-01-21 22:00:00,11238.99000000,11542.39000000,11079.00000000,11530.00000000,2307.67690600,2018-01-21 23:59:59.999,26053201.20869289,20861,1203.15669300,13580789.03928654,0
252,2018-01-22 00:00:00,11530.00000000,11770.00000000,11310.00000000,11370.38000000,2913.75810700,2018-01-22 01:59:59.999,33693971.59533439,26924,1405.90433100,16254200.18191488,0
253,2018-01-22 02:00:00,11381.01000000,11561.10000000,11149.00000000,11502.93000000,2190.21508100,2018-01-22 03:59:59.999,24916932.31745552,18380,1098.29049000,12498277.97016663,0
254,2018-01-22 04:00:00,11480.56000000,11765.00000000,11400.00000000,11470.00000000,2425.41115600,2018-01-22 05:59:59.999,28069066.93700964,20962,1201.55586200,13912390.94423300,0
255,2018-01-22 06:00:00,11470.00000000,11750.00000000,11452.00000000,11743.97000000,2066.96486800,2018-01-22 07:59:59.999,24007049.76813796,19092,1003.26256300,11655235.53145757,0
256,2018-01-22 08:00:00,11745.00000000,11926.35000000,11620.00000000,11767.00000000,2100.29019200,2018-01-22 09:59:59.999,24767591.70179667,21397,1002.05525900,11817950.41218272,0
257,2018-01-22 10:00:00,11767.00000000,11788.96000000,11231.00000000,11240.00000000,2290.11315700,2018-01-22 11:59:59.999,26461482.35615275,21494,1108.19933300,12816483.33146651,0
258,2018-01-22 12:00:00,11240.00000000,11380.00000000,10284.55000000,10519.97000000,7715.45886600,2018-01-22 13:59:59.999,83464592.63977915,59266,3331.40416900,36087782.74088255,0
259,2018-01-22 14:00:00,10519.96000000,10868.88000000,10139.97000000,10330.00000000,6394.00123400,2018-01-22 15:59:59.999,67448744.94912047,50217,3285.07246500,34685588.15893543,0
260,2018-01-22 16:00:00,10330.06000000,10750.00000000,10231.00000000,10540.00000000,4304.58695800,2018-01-22 17:59:59.999,45208861.51922820,35168,2174.37675300,22845886.29845707,0
261,2018-01-22 18:00:00,10538.00000000,10650.00000000,10320.00000000,10540.71000000,2476.29534200,2018-01-22 19:59:59.999,25939585.81975923,21865,1290.54531800,13524420.41716784,0
262,2018-01-22 20:00:00,10507.01000000,10555.96000000,9900.24000000,10305.61000000,4849.22378000,2018-01-22 21:59:59.999,49372896.03125580,36591,2193.51411800,22347062.25907281,0
263,2018-01-22 22:00:00,10305.61000000,10849.00000000,10224.98000000,10760.05000000,4026.28805000,2018-01-22 23:59:59.999,42365738.57366726,31908,2206.39516700,23232200.87968497,0
264,2018-01-23 00:00:00,10760.05000000,10900.07000000,10502.00000000,10567.90000000,2825.03573400,2018-01-23 01:59:59.999,30336066.48367048,24841,1401.51620800,15052056.26102719,0
265,2018-01-23 02:00:00,10558.20000000,10998.00000000,10527.09000000,10835.00000000,2206.49973300,2018-01-23 03:59:59.999,23800095.62665217,21096,1126.10926700,12149304.61082614,0
266,2018-01-23 04:00:00,10830.82000000,10941.54000000,10233.01000000,10363.27000000,3518.00414000,2018-01-23 05:59:59.999,36934924.43372362,31686,1738.32631200,18263818.03689422,0
267,2018-01-23 06:00:00,10363.76000000,10550.00000000,10108.40000000,10250.00000000,2888.76792900,2018-01-23 07:59:59.999,29769129.35894590,23775,1325.27328500,13664810.50571146,0
268,2018-01-23 08:00:00,10250.85000000,10645.06000000,10155.00000000,10373.02000000,2422.98956100,2018-01-23 09:59:59.999,25334946.77347521,24124,1363.63421300,14269842.09263350,0
269,2018-01-23 10:00:00,10379.95000000,10489.99000000,9905.00000000,10143.10000000,3395.30387500,2018-01-23 11:59:59.999,34476718.85229205,30486,1489.87550400,15141923.20985239,0
270,2018-01-23 12:00:00,10143.01000000,10400.03000000,9987.02000000,10300.13000000,3614.06230900,2018-01-23 13:59:59.999,36895247.18179349,30630,1933.40453500,19739927.89154571,0
271,2018-01-23 14:00:00,10300.40000000,10770.54000000,10228.79000000,10750.00000000,3118.16009200,2018-01-23 15:59:59.999,32759808.15164279,29545,1771.63644100,18646527.96382366,0
272,2018-01-23 16:00:00,10750.00000000,11399.00000000,10740.00000000,11129.62000000,5800.16102900,2018-01-23 17:59:59.999,64475747.11132815,58542,2959.92168200,32887796.91611957,0
273,2018-01-23 18:00:00,11129.62000000,11344.95000000,10822.00000000,10952.98000000,2841.60513600,2018-01-23 19:59:59.999,31585009.04767234,31307,1371.21709600,15236380.62470053,0
274,2018-01-23 20:00:00,10952.96000000,11152.78000000,10766.00000000,10980.35000000,2362.21791200,2018-01-23 21:59:59.999,25904508.08077339,23637,1102.48621600,12093329.54532432,0
275,2018-01-23 22:00:00,10998.93000000,11199.00000000,10678.00000000,10799.18000000,2481.11510200,2018-01-23 23:59:59.999,27147212.13101114,25617,1164.39306900,12753801.61484103,0
276,2018-01-24 00:00:00,10799.14000000,10894.08000000,10503.00000000,10563.85000000,2474.59621600,2018-01-24 01:59:59.999,26375499.97218594,25594,1093.30537500,11656177.14576478,0
277,2018-01-24 02:00:00,10557.63000000,10866.11000000,10503.01000000,10820.32000000,1730.70512000,2018-01-24 03:59:59.999,18527096.03742831,18175,889.61847200,9523222.49048073,0
278,2018-01-24 04:00:00,10820.32000000,10823.00000000,10500.00000000,10640.98000000,1965.00501200,2018-01-24 05:59:59.999,20873314.60727235,18121,899.03618400,9551287.32968381,0
279,2018-01-24 06:00:00,10633.07000000,11100.10000000,10630.00000000,10956.00000000,2600.20252600,2018-01-24 07:59:59.999,28327843.03678676,29065,1392.65099600,15156552.71347544,0
280,2018-01-24 08:00:00,10955.99000000,11050.20000000,10729.00000000,10990.19000000,1338.05983200,2018-01-24 09:59:59.999,14574756.77739323,17189,642.32751400,7001715.25317542,0
281,2018-01-24 10:00:00,10995.00000000,11234.00000000,10950.00000000,11111.00000000,2767.73538500,2018-01-24 11:59:59.999,30617485.50024391,26099,1221.17853300,13516389.97504218,0
282,2018-01-24 12:00:00,11111.00000000,11398.00000000,11022.00000000,11333.77000000,3656.73915900,2018-01-24 13:59:59.999,41233648.36317463,36581,1747.59450800,19702744.64956864,0
283,2018-01-24 14:00:00,11333.70000000,11570.48000000,11040.00000000,11070.09000000,3924.92259900,2018-01-24 15:59:59.999,44374598.45174947,42555,1889.88540100,21362628.74153430,0
284,2018-01-24 16:00:00,11070.09000000,11171.40000000,10862.08000000,11124.97000000,2149.13660800,2018-01-24 17:59:59.999,23670502.69681056,25749,1053.28415800,11601902.42072766,0
285,2018-01-24 18:00:00,11124.97000000,11285.99000000,11000.00000000,11235.28000000,1677.41336100,2018-01-24 19:59:59.999,18681039.95883265,18728,812.32037500,9046491.27699680,0
286,2018-01-24 20:00:00,11235.28000000,11320.00000000,11135.86000000,11241.11000000,1427.38924700,2018-01-24 21:59:59.999,16016995.57871439,18117,677.68883000,7607925.42379828,0
287,2018-01-24 22:00:00,11248.93000000,11390.00000000,11057.00000000,11349.99000000,1446.68269700,2018-01-24 23:59:59.999,16197826.44960800,17456,768.50274200,8608184.20515413,0
288,2018-01-25 00:00:00,11349.96000000,11471.61000000,11248.48000000,11359.69000000,1891.86796800,2018-01-25 01:59:59.999,21462318.95579836,21107,914.35113700,10372337.70364016,0
289,2018-01-25 02:00:00,11379.96000000,11794.05000000,11311.00000000,11688.50000000,2613.33033200,2018-01-25 03:59:59.999,30238151.35063696,26429,1348.73276800,15610158.61962069,0
290,2018-01-25 04:00:00,11691.28000000,11691.28000000,11430.00000000,11624.99000000,2180.32196100,2018-01-25 05:59:59.999,25231340.57426941,23296,1053.89797400,12196230.10513439,0
291,2018-01-25 06:00:00,11624.99000000,11675.00000000,11430.59000000,11460.00000000,1532.06758600,2018-01-25 07:59:59.999,17697897.83916437,17004,717.37356500,8289718.29481043,0
292,2018-01-25 08:00:00,11465.91000000,11483.98000000,11147.07000000,11373.03000000,1997.89689000,2018-01-25 09:59:59.999,22565492.02650591,20492,981.58751800,11079229.91386177,0
293,2018-01-25 10:00:00,11373.04000000,11461.01000000,11205.00000000,11215.00000000,1273.30921600,2018-01-25 11:59:59.999,14463102.84724615,15875,567.14855900,6446701.53339801,0
294,2018-01-25 12:00:00,11215.00000000,11293.00000000,11028.00000000,11252.35000000,1849.31719400,2018-01-25 13:59:59.999,20656172.42626020,19867,850.52281300,9499648.38154794,0
295,2018-01-25 14:00:00,11250.00000000,11327.73000000,10959.00000000,10999.00000000,2006.19777200,2018-01-25 15:59:59.999,22357445.78132472,20575,906.09353900,10110035.32191463,0
296,2018-01-25 16:00:00,10998.99000000,11195.00000000,10950.21000000,11056.00000000,1744.57559300,2018-01-25 17:59:59.999,19271389.20935229,18653,864.09806900,9545479.65934943,0
297,2018-01-25 18:00:00,11050.86000000,11303.90000000,11050.86000000,11237.57000000,1449.04799300,2018-01-25 19:59:59.999,16231853.12828495,13185,889.02320500,9957316.85799853,0
298,2018-01-25 20:00:00,11230.00000000,11395.00000000,11153.00000000,11242.58000000,1295.03432100,2018-01-25 21:59:59.999,14613777.02075230,14299,633.19463000,7144322.46143038,0
299,2018-01-25 22:00:00,11242.98000000,11332.10000000,11111.00000000,11175.27000000,1006.98735700,2018-01-25 23:59:59.999,11292423.81405667,10258,475.36314200,5333509.39462858,0
300,2018-01-26 00:00:00,11184.70000000,11391.00000000,11160.43000000,11280.00000000,1236.44510100,2018-01-26 01:59:59.999,13974156.66602564,14070,710.11536000,8027145.15697069,0
301,2018-01-26 02:00:00,11280.00000000,11643.00000000,11280.00000000,11507.34000000,2140.79686300,2018-01-26 03:59:59.999,24636753.82782422,19770,1188.68495000,13673058.16118038,0
302,2018-01-26 04:00:00,11507.36000000,11555.00000000,11351.68000000,11360.00000000,984.84347100,2018-01-26 05:59:59.999,11261543.43222605,10940,527.88192200,6035176.49152598,0
303,2018-01-26 06:00:00,11352.06000000,11440.00000000,11010.00000000,11010.00000000,2284.86044300,2018-01-26 07:59:59.999,25618333.89402574,21438,885.85244200,9966222.97503496,0
304,2018-01-26 08:00:00,11010.09000000,11034.95000000,10311.15000000,10490.00000000,7975.80920700,2018-01-26 09:59:59.999,84915953.81673875,69252,3609.30687600,38430243.43245651,0
305,2018-01-26 10:00:00,10490.00000000,10687.44000000,10354.92000000,10513.97000000,3315.05264100,2018-01-26 11:59:59.999,34866415.67843843,26148,1640.21458600,17252432.21194644,0
306,2018-01-26 12:00:00,10510.00000000,10833.65000000,10410.00000000,10549.09000000,3414.19872100,2018-01-26 13:59:59.999,36270478.33594052,27651,1529.06770600,16243565.14915262,0
307,2018-01-26 14:00:00,10549.09000000,11147.85000000,10537.85000000,11147.85000000,4306.92236600,2018-01-26 15:59:59.999,46941738.76871732,38868,1819.04239000,19785175.95851945,0
308,2018-01-26 16:00:00,11147.84000000,11399.00000000,11002.05000000,11187.01000000,3690.51742200,2018-01-26 17:59:59.999,41257632.33048643,38538,1639.63635200,18334286.27745449,0
309,2018-01-26 18:00:00,11187.00000000,11220.00000000,10868.80000000,10933.00000000,1432.41279800,2018-01-26 19:59:59.999,15798696.27168414,18762,688.56984400,7593042.55947364,0
310,2018-01-26 20:00:00,10932.99000000,11094.39000000,10821.00000000,10921.89000000,1131.24203700,2018-01-26 21:59:59.999,12403296.06377015,14105,503.85900300,5523754.87626439,0
311,2018-01-26 22:00:00,10921.00000000,11168.00000000,10800.93000000,11089.00000000,1143.77089000,2018-01-26 23:59:59.999,12537471.08787687,15178,588.55812200,6464849.14332289,0
312,2018-01-27 00:00:00,11089.00000000,11251.00000000,10920.00000000,10936.25000000,1359.96761500,2018-01-27 01:59:59.999,15038274.19862248,15850,586.26845800,6486037.35355662,0
313,2018-01-27 02:00:00,10936.16000000,11196.27000000,10842.69000000,10985.00000000,1449.40280000,2018-01-27 03:59:59.999,16024071.24229558,14874,663.02851700,7326718.68509597,0
314,2018-01-27 04:00:00,10985.00000000,11289.00000000,10963.00000000,11239.90000000,1352.55152700,2018-01-27 05:59:59.999,15055630.36391265,14352,612.22209800,6813620.25805404,0
315,2018-01-27 06:00:00,11232.33000000,11400.00000000,11150.28000000,11243.68000000,1874.61314200,2018-01-27 07:59:59.999,21164550.80244895,19076,956.02022900,10798995.66685308,0
316,2018-01-27 08:00:00,11243.68000000,11349.00000000,11145.01000000,11278.00000000,1103.25537900,2018-01-27 09:59:59.999,12388449.05058475,12277,529.84494900,5949654.11630769,0
317,2018-01-27 10:00:00,11278.02000000,11343.33000000,10900.00000000,11020.00000000,2050.70883600,2018-01-27 11:59:59.999,22792727.55844436,22290,867.98450000,9657801.43875670,0
318,2018-01-27 12:00:00,11018.00000000,11170.00000000,10968.18000000,11091.99000000,1112.95369500,2018-01-27 13:59:59.999,12318300.79473492,14162,530.14650500,5868894.86461006,0
319,2018-01-27 14:00:00,11091.99000000,11495.00000000,11000.00000000,11464.97000000,2305.78819500,2018-01-27 15:59:59.999,25962170.04339191,21826,1325.77403700,14943688.61946297,0
320,2018-01-27 16:00:00,11452.62000000,11625.00000000,11360.00000000,11445.01000000,2555.80819400,2018-01-27 17:59:59.999,29341707.91443803,30505,1426.12119300,16372420.36697836,0
321,2018-01-27 18:00:00,11445.01000000,11540.00000000,11380.00000000,11505.17000000,868.18958700,2018-01-27 19:59:59.999,9960008.59314514,11302,455.51859700,5225398.95732183,0
322,2018-01-27 20:00:00,11505.10000000,11650.00000000,11475.00000000,11561.00000000,1521.38858100,2018-01-27 21:59:59.999,17603267.19376622,16552,720.78052900,8338836.62821541,0
323,2018-01-27 22:00:00,11560.27000000,11610.01000000,11400.00000000,11491.00000000,1306.14079400,2018-01-27 23:59:59.999,15014041.77769727,14412,535.22835100,6153824.84095030,0
324,2018-01-28 00:00:00,11499.98000000,11620.00000000,11408.00000000,11502.68000000,1096.89729000,2018-01-28 01:59:59.999,12626315.62945314,13802,467.35718800,5382836.54513432,0
325,2018-01-28 02:00:00,11518.00000000,11600.00000000,11444.01000000,11592.93000000,1011.46597000,2018-01-28 03:59:59.999,11679579.92189373,13305,501.77285800,5797734.80208628,0
326,2018-01-28 04:00:00,11592.93000000,12100.03000000,11581.85000000,11905.70000000,2857.13302600,2018-01-28 05:59:59.999,33872620.04377667,31363,1453.45111800,17229136.34407506,0
327,2018-01-28 06:00:00,11905.70000000,12244.00000000,11870.00000000,11969.00000000,2250.58352200,2018-01-28 07:59:59.999,27178544.54394334,23857,878.21063100,10600770.78193797,0
328,2018-01-28 08:00:00,11969.00000000,12067.99000000,11818.00000000,11958.01000000,1547.66951700,2018-01-28 09:59:59.999,18485576.87643723,17739,650.75343500,7772059.57112715,0
329,2018-01-28 10:00:00,11960.00000000,12031.41000000,11820.00000000,12012.62000000,1297.20184900,2018-01-28 11:59:59.999,15473473.39311196,17609,497.14479300,5933311.27791307,0
330,2018-01-28 12:00:00,12001.94000000,12079.90000000,11652.00000000,11850.13000000,1976.98835300,2018-01-28 13:59:59.999,23405094.50109333,25445,767.10154400,9081130.00524696,0
331,2018-01-28 14:00:00,11850.13000000,11897.05000000,11711.00000000,11791.12000000,1177.97780000,2018-01-28 15:59:59.999,13907656.51826637,14390,538.61153900,6357249.23856411,0
332,2018-01-28 16:00:00,11793.00000000,11925.00000000,11750.00000000,11838.00000000,1034.57199300,2018-01-28 17:59:59.999,12236465.44194278,12373,451.46040300,5344671.95995936,0
333,2018-01-28 18:00:00,11820.08000000,11872.00000000,11754.54000000,11870.00000000,803.31739000,2018-01-28 19:59:59.999,9486664.81361400,9703,390.27767800,4610366.02039890,0
334,2018-01-28 20:00:00,11870.00000000,11999.98000000,11804.80000000,11962.38000000,927.68197500,2018-01-28 21:59:59.999,11058205.53646923,13310,449.55038700,5359744.56012921,0
335,2018-01-28 22:00:00,11962.38000000,11979.00000000,11838.03000000,11879.95000000,905.85083900,2018-01-28 23:59:59.999,10801385.72345228,13351,297.09542300,3542002.72547511,0
336,2018-01-29 00:00:00,11879.95000000,11975.02000000,11450.00000000,11499.63000000,2372.12062600,2018-01-29 01:59:59.999,27676253.04025590,23313,844.91862000,9862451.20308110,0
337,2018-01-29 02:00:00,11499.63000000,11662.90000000,11433.00000000,11598.98000000,1562.21869800,2018-01-29 03:59:59.999,18020993.84350920,17547,743.21873700,8579098.80546906,0
338,2018-01-29 04:00:00,11598.98000000,11739.08000000,11578.85000000,11590.00000000,961.73312700,2018-01-29 05:59:59.999,11207311.01342999,13431,430.56911900,5019534.46877318,0
339,2018-01-29 06:00:00,11590.00000000,11627.40000000,11273.00000000,11318.01000000,1895.22787100,2018-01-29 07:59:59.999,21599995.17557882,19467,834.62123100,9509170.57233365,0
340,2018-01-29 08:00:00,11320.00000000,11483.98000000,11201.00000000,11426.89000000,1208.03818700,2018-01-29 09:59:59.999,13730790.76275149,15565,555.73329800,6314247.66114303,0
341,2018-01-29 10:00:00,11409.09000000,11528.00000000,11139.55000000,11279.99000000,1259.42084700,2018-01-29 11:59:59.999,14263951.86855881,14832,489.05072000,5539986.37381047,0
342,2018-01-29 12:00:00,11272.01000000,11373.12000000,11202.82000000,11359.47000000,906.14989200,2018-01-29 13:59:59.999,10214290.74706318,12511,377.62682200,4257792.22010348,0
343,2018-01-29 14:00:00,11359.47000000,11445.00000000,11259.00000000,11383.91000000,1017.16367000,2018-01-29 15:59:59.999,11560172.33829763,12782,370.06913400,4204724.51866665,0
344,2018-01-29 16:00:00,11383.91000000,11499.00000000,11340.00000000,11422.51000000,754.27424000,2018-01-29 17:59:59.999,8603480.20342170,10411,378.08144700,4312783.74508078,0
345,2018-01-29 18:00:00,11425.00000000,11447.56000000,11270.01000000,11283.81000000,824.23260000,2018-01-29 19:59:59.999,9359279.50770662,9952,362.73701200,4120372.59994104,0
346,2018-01-29 20:00:00,11280.83000000,11410.00000000,11267.49000000,11355.00000000,486.73792000,2018-01-29 21:59:59.999,5509321.68014373,7368,249.50812900,2825514.65281479,0
347,2018-01-29 22:00:00,11354.99000000,11355.00000000,11150.00000000,11251.00000000,923.05986000,2018-01-29 23:59:59.999,10364314.69808669,12020,380.36260200,4274295.70187028,0
348,2018-01-30 00:00:00,11250.11000000,11308.42000000,10920.89000000,10956.84000000,1300.35799200,2018-01-30 01:59:59.999,14437748.43913580,14618,477.87748800,5313170.72736626,0
349,2018-01-30 02:00:00,10949.99000000,11094.84000000,10850.00000000,10995.06000000,1509.60043900,2018-01-30 03:59:59.999,16569598.90017380,17918,676.29785300,7428527.42955955,0
350,2018-01-30 04:00:00,10993.07000000,11135.57000000,10971.00000000,11061.87000000,836.59475700,2018-01-30 05:59:59.999,9265621.60632252,10483,419.79471200,4647171.34184511,0
351,2018-01-30 06:00:00,11061.00000000,11138.43000000,10929.06000000,11118.99000000,874.94841300,2018-01-30 07:59:59.999,9656050.64652991,11518,415.28994400,4583120.41058194,0
352,2018-01-30 08:00:00,11119.00000000,11210.57000000,10950.07000000,10988.15000000,1015.56121900,2018-01-30 09:59:59.999,11256620.21069505,13085,426.25546800,4730132.23583003,0
353,2018-01-30 10:00:00,10988.15000000,11060.00000000,10900.00000000,11047.34000000,922.90554100,2018-01-30 11:59:59.999,10124424.98638549,9760,433.99710600,4762695.79735514,0
354,2018-01-30 12:00:00,11050.34000000,11096.00000000,10549.80000000,10620.76000000,2270.94068300,2018-01-30 13:59:59.999,24468583.71502959,21608,849.30962000,9150703.16934947,0
355,2018-01-30 14:00:00,10620.76000000,10689.99000000,10206.25000000,10323.02000000,3788.11029100,2018-01-30 15:59:59.999,39602962.72137473,32709,1847.15558400,19312931.83884812,0
356,2018-01-30 16:00:00,10323.25000000,10521.78000000,10220.00000000,10235.00000000,2096.51880300,2018-01-30 17:59:59.999,21843934.36752716,21978,1041.90009200,10857653.48787807,0
357,2018-01-30 18:00:00,10235.00000000,10600.00000000,9900.00000000,10399.99000000,6200.92846200,2018-01-30 19:59:59.999,62816683.20833932,56199,2781.98332400,28227843.87587468,0
358,2018-01-30 20:00:00,10380.00000000,10418.00000000,10150.00000000,10340.00000000,2604.98656700,2018-01-30 21:59:59.999,26819544.78129904,27000,1101.87093300,11344363.62701841,0
359,2018-01-30 22:00:00,10335.03000000,10565.84000000,10095.31000000,10237.51000000,2132.91977900,2018-01-30 23:59:59.999,22116555.92580287,22336,916.36429500,9505975.12952410,0
360,2018-01-31 00:00:00,10230.00000000,10237.51000000,9700.00000000,9967.48000000,4228.04087700,2018-01-31 01:59:59.999,41979417.28000777,39042,1879.38130200,18647900.64635300,0
361,2018-01-31 02:00:00,9967.47000000,10278.00000000,9932.46000000,10060.00000000,2083.01090900,2018-01-31 03:59:59.999,21029294.06654574,23482,1074.30649800,10845681.91519090,0
362,2018-01-31 04:00:00,10069.96000000,10177.99000000,9810.00000000,10097.25000000,1690.96252600,2018-01-31 05:59:59.999,16887995.82022460,19687,800.01403700,7993896.83366160,0
363,2018-01-31 06:00:00,10080.04000000,10347.52000000,10060.01000000,10280.00000000,1364.07120700,2018-01-31 07:59:59.999,13942149.17279987,19191,713.47580700,7290154.62650705,0
364,2018-01-31 08:00:00,10280.00000000,10348.99000000,10060.00000000,10190.49000000,1295.25104600,2018-01-31 09:59:59.999,13214671.11960510,14256,713.22306800,7279737.79040644,0
365,2018-01-31 10:00:00,10190.51000000,10363.00000000,10146.49000000,10290.05000000,1431.09102800,2018-01-31 11:59:59.999,14666057.07487514,15335,741.52550800,7601160.66051940,0
366,2018-01-31 12:00:00,10294.97000000,10425.85000000,10100.00000000,10140.00000000,1186.46864500,2018-01-31 13:59:59.999,12219172.88162474,12831,535.36152200,5520401.78655192,0
367,2018-01-31 14:00:00,10139.99000000,10235.00000000,9900.00000000,10017.47000000,1589.44457400,2018-01-31 15:59:59.999,15944732.76936261,17816,735.57605900,7382320.13873450,0
368,2018-01-31 16:00:00,10017.51000000,10190.00000000,9860.00000000,10044.35000000,1183.81678900,2018-01-31 17:59:59.999,11854235.75438383,14384,589.23220100,5902264.84479893,0
369,2018-01-31 18:00:00,10044.35000000,10172.57000000,10005.00000000,10114.27000000,701.99219800,2018-01-31 19:59:59.999,7079680.87290888,10021,364.80267800,3679740.43215334,0
370,2018-01-31 20:00:00,10114.36000000,10199.00000000,10090.00000000,10120.02000000,643.64557000,2018-01-31 21:59:59.999,6526355.91236571,8049,295.14083800,2994562.77018045,0
371,2018-01-31 22:00:00,10130.39000000,10298.00000000,10117.03000000,10285.10000000,618.16143600,2018-01-31 23:59:59.999,6300444.38845863,7328,340.54492400,3471450.19723040,0
372,2018-02-01 00:00:00,10285.10000000,10335.00000000,10215.07000000,10247.49000000,1185.95701500,2018-02-01 01:59:59.999,12190821.08155033,12906,485.99888100,4997931.89753830,0
